﻿<?xml version="1.0" encoding="utf-8" ?>
<root>
  <Pitanja>
    <Rbr>1</Rbr>
    <Pitanje>2 + 2</Pitanje>
    <Odgovor1>1</Odgovor1>
    <Odgovor2>2</Odgovor2>
    <Odgovor3>3</Odgovor3>
    <Odgovor4>4</Odgovor4>
    <Resenje>4</Resenje>
   </Pitanja>
   <Pitanja>
      <Rbr>2</Rbr>
      <Pitanje>2^5</Pitanje>
      <Odgovor1>4</Odgovor1>
      <Odgovor2>8</Odgovor2>
      <Odgovor3>16</Odgovor3>
      <Odgovor4>32</Odgovor4>
      <Resenje>32</Resenje>
    </Pitanja>
    <Pitanja>
      <Rbr>3</Rbr>
      <Pitanje>18/2</Pitanje>
        <Odgovor1>5</Odgovor1>
        <Odgovor2>7</Odgovor2>
        <Odgovor3>9</Odgovor3>
        <Odgovor4>10</Odgovor4>
        <Resenje>9</Resenje>
    </Pitanja>
</root>