﻿<?xml version="1.0" encoding="utf-8" ?>
<root>
  <Prognoza>
    <Mesto>001</Mesto>
    <NazivMesta>Ниш</NazivMesta>
    <MinTemperatura>0</MinTemperatura>
    <MaxTemperatura>10</MaxTemperatura>
    <Vreme>Ведро</Vreme>
  </Prognoza>
  <Prognoza>
    <Mesto>002</Mesto>
    <NazivMesta>Београд</NazivMesta>
    <MinTemperatura>-1</MinTemperatura>
    <MaxTemperatura>7</MaxTemperatura>
    <Vreme>Киша</Vreme>
  </Prognoza>
  <Prognoza>
    <Mesto>003</Mesto>
    <NazivMesta>Копаоник</NazivMesta>
    <MinTemperatura>-5</MinTemperatura>
    <MaxTemperatura>0</MaxTemperatura>
    <Vreme>Снег</Vreme>
  </Prognoza>
</root>